{"cameraMode":{"drawMode":0,"name":"Shaded","section":"Shading Mode"},"sceneLighting":false,"audioPlay":false,"sceneViewState":{"showFog":true,"showMaterialUpdate":false,"showSkybox":false,"showFlares":true,"showImageEffects":true,"showParticleSystems":true,"showVisualEffectGraphs":true,"m_FxEnabled":true},"in2DMode":false,"pivot":{"x":4.479992866516113,"y":14.883679389953614,"z":-14.389278411865235},"rotation":{"x":-0.3455731272697449,"y":-0.008476455695927143,"z":0.0031457303557544948,"w":-0.9385009407997131},"size":9.527475357055664,"orthographic":false}